epoch,g_loss,d_loss,d_real,d_fake,gp,feature_matching,pixel_diversity,epoch_time
1,11.389418077839988,-12.536430660112467,6.247991273057201,-8.299765608168657,0.31251257888303996,0.7900961314983826,0.44329352656146215,696.7020080089569
2,4.776079896239354,-9.253570961590512,7.345257011125648,-2.904168457982004,0.11173060056359028,0.4620216959421011,0.5075067935414923,617.339635848999
3,5.183562536079875,-8.706057520039314,6.109597202409271,-3.464400105143034,0.09857628903294031,0.4647980226126091,0.5105689083203655,618.5363283157349
1,10.867331085017824,-12.093779312336038,6.093765993257596,-7.847640406066026,0.291516038411981,0.7200129294365305,0.45272466118356824,317.1299788951874
2,4.058340572687301,-8.949666399645293,7.5905861167894155,-2.2852293304444378,0.11048424319810364,0.45084446826867297,0.5092526886767593,313.85494232177734
3,5.345093368560867,-8.734941387447787,6.123152403149156,-3.477179928074029,0.10094333720286336,0.46216708772101084,0.5128960075179485,313.6804437637329
4,4.3982330033303665,-7.359896345852901,4.469978743488282,-3.585254552495088,0.08614725624146376,0.4203273424532561,0.5223791155818138,316.3386960029602
5,4.216320324025097,-6.3086023625320795,3.821709691719935,-3.0401469160120946,0.07157685711165106,0.3891282190113092,0.5275741647528638,316.292848110199
6,3.513667647798655,-5.90076753448144,3.604022874646407,-2.753463043575793,0.059587997180090654,0.3725087857427247,0.529118772629088,316.0627329349518
7,2.9778920356301986,-5.6356523082922445,3.53552973419475,-2.5163189929035195,0.05480548059426521,0.36408566976467666,0.5307791669359702,315.1318473815918
8,3.007029841770565,-5.410645262179272,3.395373854637805,-2.406211835860867,0.052907108217383605,0.36656396865241897,0.5317971424568166,316.0620188713074
9,2.9351433538248957,-5.20031495235964,3.255777475462965,-2.304174240815127,0.05081518754532605,0.37132320505026467,0.5322298073738474,315.72207832336426
10,2.897046993725595,-5.047009338319829,3.2344833304622833,-2.1510961950202057,0.048484057326378435,0.3769254055999775,0.5325569096769003,316.1523952484131
11,2.853110817794402,-4.887185468798793,3.1636390738500055,-2.0487851357186395,0.04682299515112349,0.37871737252595905,0.5329010392410867,314.3349232673645
12,2.5135833672548062,-4.743424133012629,3.1026334445805825,-1.9483669081375512,0.044712080045658555,0.37919836644879185,0.5319755644774166,316.0669376850128
13,2.5492807571151013,-4.618227030022256,3.060427727180094,-1.8531975521130297,0.042734897020243474,0.3840157687664032,0.5335030852618019,316.2054181098938
14,2.3154806428495913,-4.480504125243644,2.99184113193666,-1.7696267773812888,0.041134214212979026,0.38468400525534346,0.5332825442331027,316.28336453437805
15,2.134592130243326,-4.369326486448874,2.962082330464808,-1.6724059925156771,0.03886568103593158,0.38389017658046765,0.5337647760261024,314.3938546180725
16,2.2064034655953932,-4.2674685136030055,2.9262451434792895,-1.5935890607326262,0.03719158537153687,0.3870192560851197,0.5338764772779873,315.8904845714569
17,2.0339792973436084,-4.166096383265388,2.8659267403449107,-1.5428576633079842,0.03550534958947643,0.38488341990373226,0.533650306172377,316.14081287384033
18,1.9286343335314136,-4.0789166342669585,2.8178307458984415,-1.494882810387558,0.03369446504124065,0.3861605261279418,0.5339788230496321,314.58661818504333
19,1.853741198316612,-3.9893488655274196,2.829528706809965,-1.375855649047909,0.03153209991731908,0.3837750062026206,0.5351410565424508,315.9794201850891
20,1.8868256322427284,-3.8958751738598916,2.773822253358029,-1.3287345957854002,0.030120641151478444,0.38658071099280106,0.534447754755635,314.9382846355438
21,1.752804751558566,-3.815384207159168,2.6959863476992108,-1.3200583747292571,0.028738963787706497,0.3855259509665324,0.5339850823662223,315.847852230072
22,1.7782004439235488,-3.748968013846015,2.6855880634531886,-1.255298312473218,0.027474342655819075,0.383925675253199,0.533736203925498,315.9859824180603
23,1.6983312036272247,-3.669020012378994,2.648466687362203,-1.2032920732416033,0.026122352257005956,0.38352008945721894,0.5341477952473686,315.67679834365845
24,1.5683202942746177,-3.6059080728349735,2.598132831347087,-1.1875288872761762,0.025619218255821193,0.3824420234496916,0.5341774530416795,314.65388083457947
25,1.662593464916937,-3.5210305320854887,2.5508700249346936,-1.1390400357089947,0.02446193819925632,0.3797993624556984,0.5348768022132734,315.3904025554657
26,1.533997916862576,-3.460990050725177,2.516643963146639,-1.1073457273841847,0.02358938168054953,0.37782329260624764,0.5351150402076326,315.40904808044434
27,1.4203210485682325,-3.396993594434861,2.5042763374505657,-1.049245381235662,0.022507729940705105,0.3759916236367449,0.5341971295069804,315.7102086544037
28,1.5738190736918323,-3.3435632367765558,2.4340344707607544,-1.0645143541421473,0.021925052634691147,0.37582025323746027,0.5351448760623425,315.1777558326721
29,1.5711625763103272,-3.2801010019785233,2.3771875036571894,-1.052415479577409,0.021269009132750625,0.37560112407023627,0.5344118418645316,315.664852142334
30,1.4352567761608985,-3.22678987200545,2.35062450956313,-1.021111896214477,0.020343271413212818,0.37563005636072944,0.5349028377255658,316.38358902931213
31,1.3674361769453764,-3.166657777514907,2.30358689600736,-1.0016163856229083,0.019647247426437895,0.370355469274762,0.5350722459565221,315.6175892353058
32,1.4201599499669901,-3.1124075080742575,2.2617927207205297,-0.9846014668540993,0.019108169171405783,0.3692361675909286,0.5348880495193182,315.50429677963257
33,1.33239116304932,-3.067286044151985,2.235310124651342,-0.9646332513602208,0.01840528851247236,0.3697389321667807,0.5351673910198863,315.95494532585144
34,1.3435875364636953,-3.021079272973703,2.2100753019506163,-0.9397340983708122,0.017817962852597482,0.3657268463585681,0.5354776843609912,315.9984784126282
35,1.3473687984906466,-2.9669520991905,2.1415738956343415,-0.9471069898906102,0.017095293513559248,0.3678192571276509,0.5352015847954829,315.46317887306213
36,1.323514978197673,-2.923566863072657,2.144645966259779,-0.8964631686154305,0.016530620784724812,0.3647496676173735,0.5344430306919306,315.79928612709045
37,1.280755150352055,-2.8900671000351044,2.085093522962423,-0.9221608497087012,0.016215433204115642,0.3644607303341481,0.5349787857228073,316.04289388656616
38,1.2361779962154165,-2.8385955330205777,2.048066339529721,-0.9017799025655792,0.015469776869012106,0.3611978461633892,0.5351597127962655,316.03935265541077
39,1.3455744069517035,-2.808955873008323,2.0194811804865296,-0.8997035688189636,0.015205618411752332,0.36230726278235126,0.5347410010929807,315.82688426971436
40,1.2283949660685964,-2.769945208779177,2.0094968982361134,-0.8671006903231294,0.014653811567844458,0.359055652592788,0.5352777063319113,315.2600429058075
41,1.2213213117475306,-2.734074915932343,1.9792304616032919,-0.859049791815148,0.014309510559210962,0.3599498389870418,0.534973716163153,314.6504135131836
42,1.1890851077158593,-2.69508337605316,1.9373663114701714,-0.859351227029348,0.013855517217412582,0.35834561309079005,0.5356544950969904,315.51118206977844
43,1.2070361469812247,-2.655400339405696,1.9055972401813313,-0.8472031747142863,0.013507010146160757,0.35858388118888573,0.5354587352833464,314.87948179244995
44,1.1981568997902454,-2.6378568003964333,1.8785705579875693,-0.8582102677981486,0.01315761297233591,0.3576744583855688,0.5350544619198545,315.29266476631165
45,1.1344917688975593,-2.600348625449857,1.8658583034913134,-0.8282454401023883,0.01263186494247604,0.35652308555981604,0.5350226259563123,315.46225118637085
46,1.1184038060202761,-2.5612683859942234,1.824539602768293,-0.8300562125822593,0.01249853143971543,0.3559338955677264,0.5354039945584332,314.8598532676697
47,1.20360679424329,-2.528105067345873,1.8030749190523372,-0.8126787583375474,0.011901213445756042,0.35547943441515173,0.5358171487879362,315.5115394592285
48,1.1643934756913017,-2.5051866008343198,1.7759843775319635,-0.8173338506022273,0.01171011652685019,0.3572445450028035,0.5354656799403213,312.6350066661835
49,1.1686485356329817,-2.4775449637836964,1.775998716999679,-0.7868366317974236,0.011241740641018138,0.35560928595955243,0.5358394639455866,315.2772901058197
50,1.1308306391655871,-2.451155862958181,1.7092370822761966,-0.828473182116057,0.01124144325491427,0.35407348781560377,0.5354801656774866,315.2775933742523
1,378.12697465862846,-451.1085147779298,174.56864980722196,-376.09428258080095,1.981788434529166,1.4644710253900584,0.4075900593162638,321.4183895587921
1,21.09557713087832,-15.13832995291757,-0.04402481079308785,-20.29688452317953,0.6710433053269549,0.35046561280861216,0.5036279054643532,319.6965310573578
2,24.822480955256523,-16.79540938041002,-0.05274940367114604,-23.711232877712032,0.7226379748825902,0.35074938213930723,0.5103408834048077,319.10920214653015
3,26.675329082382916,-17.481357912800256,0.013044455308848627,-25.15981198532693,0.8004218608337571,0.3575594296346874,0.5124572651500798,318.4224491119385
1,48.66260643548603,-31.423229885463016,0.11877533731282737,-47.714739831976885,2.220907261489164,0.5828720102959042,0.39646813226274297,264.67819356918335
2,44.292540960674046,-28.236116883727604,-7.639334604200611e-05,-43.402488866437096,1.7919185905329948,0.49220226978576637,0.39085112936511823,261.3327589035034
3,43.67064950744437,-27.80362161523021,-0.01240566988886533,-42.82647853012181,1.8107615363055325,0.4812458201725776,0.37639271225839005,262.1706850528717
4,41.03954563865179,-26.379200629729837,-0.009710166626874777,-40.48386123840486,1.7249711106911623,0.46892560480893414,0.3754652391506147,260.7483699321747
5,38.547922435243045,-24.91757602486689,-0.005975250847044244,-38.03656706586951,1.6242251278627688,0.4582640499534667,0.38436464838425066,260.3287875652313
6,36.72997661783725,-23.873842140516047,-0.004155028385360985,-36.308892285025074,1.551431299612284,0.4537457479517671,0.3911839618901663,257.063805103302
1,25.589439932304092,-17.188045904624328,0.07619744406685741,-24.238599239046746,0.3981578387037466,0.4679647501133665,0.42067616687545295,262.6654396057129
2,26.90501062779487,-18.35102654166529,-0.0039757714523226215,-25.860232069881164,0.3670510235707618,0.4146196740337565,0.4046908411421353,259.79904651641846
3,25.424914345004204,-17.566728271817137,-0.012196679831530744,-24.57406159628809,0.3631848315325685,0.3928769035294229,0.4014395072069078,259.9797739982605
1,60.290614524974096,-37.11946833148768,-7.359785369502006,-58.728028184271565,1.4248774419956654,0.4571049090804933,0.442374727111074,263.0741858482361
2,118.92878935608682,-36.4922867267382,-66.70363470335525,-118.03924617936126,1.4843324706071397,0.3125306762094739,0.46668457815164255,260.2840759754181
1,46.78231845001568,-26.714617141730866,-8.778915561330605,-44.731511149918084,0.9237978454213001,0.39842838405205583,0.4522129574355862,291.8838641643524
2,85.42454123451769,-23.711584471571157,-52.016659847553704,-83.9599923906676,0.8231748074632228,0.26459990922481785,0.48638901159704523,292.22193670272827
3,95.02400836077604,-19.77111797236311,-67.5208418299968,-93.82201903448093,0.6530059197759809,0.23199624243672146,0.5085972343204599,291.5682520866394
4,96.00673045786327,-18.701023554530668,-70.19145607255051,-95.06591398526082,0.61734343568327,0.2228504441947141,0.5136280126544511,290.46014761924744
5,96.13300563805018,-18.209159633453215,-71.01845466864546,-95.29247549179983,0.6064861203283637,0.21897579435492376,0.5158166926658131,290.4993028640747
6,94.69875293789488,-17.70725259527696,-70.31752126286214,-93.90006328442908,0.5875289426308817,0.22361862882407327,0.5166162529565168,290.5619180202484
7,92.68786851278519,-17.235781816706798,-69.13321403667388,-91.94328394430477,0.5574288081457808,0.23330115771497223,0.5181927646473191,290.4793629646301
8,90.4013951426439,-16.953543318207135,-67.46831749724377,-89.73796314958074,0.5316102354965078,0.24971243662784404,0.5195978154380588,290.32104873657227
9,86.98938148671931,-16.675956178103323,-64.78521334989333,-86.48592055039822,0.5024751025604086,0.2666929229585962,0.5211768924173984,290.707181930542
10,86.51764440084092,-16.44891000788673,-64.63708258820544,-85.81866483049356,0.4732672238366869,0.2841946677476224,0.5227042807573612,290.4731912612915
11,85.46020018488903,-16.238652192235143,-64.16841206749531,-84.86669970583525,0.4459635467797179,0.29744724230929165,0.5248674572192741,290.45937299728394
12,84.68559341719656,-16.119963551291022,-63.6841795688634,-84.07129265535646,0.4267149506449963,0.30577705546536227,0.5253084998464945,290.52134680747986
13,84.12472418363451,-15.803020796191074,-63.642567768410395,-83.46370724510453,0.40181186992095785,0.31129152586496306,0.5289271392451291,290.40856075286865
14,85.01991098248303,-15.386304673292543,-65.12835014574748,-84.3130338936479,0.379837908251058,0.31097474224879573,0.5303640215175202,290.37145733833313
15,85.82153502377597,-14.87891385482928,-66.81636945336265,-85.361158411964,0.3665875090090687,0.3009177709393429,0.5332371867402936,290.6391212940216
16,87.26726691229746,-14.601423361207983,-68.52557998059221,-86.71176850599826,0.3584765156921748,0.29447275125889893,0.5355083782939802,290.23010206222534
17,87.93325243955319,-14.246408393801993,-69.61246766091598,-87.38508117425005,0.35262051309716763,0.28573758874717653,0.535667169874488,290.3014452457428
18,89.20745809150465,-13.887847224318724,-71.34609701298884,-88.69536360054643,0.34614193716407876,0.2772949334854881,0.5384017231337952,290.5538671016693
19,90.21696554687037,-13.569356700713957,-72.76252616853388,-89.73647313172235,0.3404590258075751,0.27375062270906436,0.5397581958001659,289.90908455848694
20,91.3093758859942,-13.248703471025836,-74.20922105502238,-90.80464239880047,0.3346717866836999,0.2665357938923465,0.5397550860663746,289.6311902999878
21,92.62793990337488,-13.093228342861654,-75.78459438029795,-92.15319242610039,0.3275369700237487,0.26246223429387266,0.5404679158871825,289.9154803752899
22,93.27141649220881,-12.81505842290244,-76.72887086928569,-92.77110129933894,0.32271720168290263,0.25772102867064034,0.5416181181368385,289.73569440841675
23,93.62355546752235,-12.555478997537973,-77.510062819335,-93.24320169345167,0.317765987071994,0.25115712413977853,0.5419965194117639,291.9866726398468
24,94.97983342950994,-12.518351067785368,-78.77050672258649,-94.4216601182477,0.31328023237078517,0.2493087960915132,0.5429095692481055,293.5053811073303
25,95.94486724448159,-12.155157185535215,-80.32529275366088,-95.54771290235362,0.3067262957576667,0.2415067476328229,0.5433718887859322,293.78445982933044
26,96.87664618302115,-12.07685776697248,-81.39260296634717,-96.51151978291392,0.3042059045699431,0.2384649694418319,0.5452549555948608,293.4706013202667
27,97.45681979439475,-11.715794668185575,-82.42288928990418,-97.09665395878962,0.29579700138443416,0.2321802003196243,0.545018253227075,294.02601861953735
28,98.0592514559259,-11.675411978804808,-82.9950295796738,-97.60380041554062,0.29333588530400156,0.2301829853987558,0.543578983710432,293.3184220790863
29,98.82432818186577,-11.523417113704417,-84.0194446018764,-98.4522344924406,0.2909372773530096,0.2252978580726392,0.5448901698530512,293.84808325767517
30,99.66413250836459,-11.524308006018966,-84.885065992623,-99.27245568566015,0.2863081691200302,0.22445200126843923,0.5446962091055784,293.75805616378784
1,-26.724941961057272,-18.590508102315717,52.66868415120862,29.41049598219219,0.46676800644328975,0.0,0.5059056278084895,268.942734003067
2,-261.50608232125387,-19.682439657589878,288.6507292022898,263.78619168711975,0.5182097849781082,0.0,0.5255404699459474,265.4898097515106
3,-293.6870867122303,-17.804539767288226,317.79678281067896,295.4640399629036,0.4528203064436858,0.0,0.5294507730074904,267.8613431453705
4,-199.66484779198663,-14.736955942908672,218.78816692868315,200.74891780269735,0.3302293181720787,0.0,0.5289364659582642,268.56358456611633
5,-115.82877549636522,-12.395776656424502,131.67011849828978,116.78317254955036,0.24911692902426955,0.0,0.528541488654247,267.11151695251465
6,-62.090257890296705,-11.238552220702623,76.02823891380493,62.67602470340078,0.21136619943734516,0.0,0.5314140098564553,267.47151255607605
7,-33.17428449163853,-10.758046973972345,46.33016483220077,33.59799460183203,0.19741232660228172,0.0,0.5338260004371121,267.14714455604553
8,-18.869153168441223,-10.422963174947746,31.50206853526582,19.209145206567158,0.1869960153939299,0.0,0.534225305920534,266.93044996261597
9,-11.343218080530113,-10.110093380196206,23.582399649204106,11.678434210220722,0.17938720498483643,0.0,0.5342864562390428,267.60712575912476
10,-7.28846248803374,-9.76534454409603,19.19436528709836,7.729835184688966,0.16991855570982892,0.0,0.5356252731815461,267.27875113487244
11,-2.466134350591355,-9.44022739461038,13.908715810848097,2.8574960939539067,0.1610992322622901,0.0,0.5357447493913278,266.7878608703613
12,0.04968872303707582,-9.199800218553218,11.034165256921622,0.28015783656383814,0.1554207205442728,0.0,0.5355454606540275,267.041152715683
13,1.5914465892897385,-8.95205057737348,9.207024422079776,-1.238407462832957,0.14933813230032114,0.0,0.5365459063926277,267.07787585258484
14,3.170073300805049,-8.72793578770007,7.503040414383604,-2.665073456494644,0.14401780972174838,0.0,0.5354578656761199,267.314165353775
15,4.460813300902814,-8.536689814966639,5.883329449172041,-4.049169515164195,0.13958091443279752,0.0,0.5362777861230301,267.2980206012726
16,5.018480089812962,-8.346015814432754,4.976627266260545,-4.720987926650552,0.13515993731400155,0.0,0.5367980208071178,266.93941831588745
17,5.480091159721479,-8.167474849787736,4.371259129006892,-5.103656920894048,0.13074411922305182,0.0,0.5355042576563652,266.1540901660919
18,5.850055622409634,-7.975029410966277,3.7665971425914133,-5.467630886911931,0.12591986124569787,0.0,0.5356434208877159,266.87257742881775
19,6.451674104634623,-7.797898715425532,2.893995693289026,-6.116784915134932,0.12128818869195153,0.0,0.5369842453971081,267.18557834625244
20,6.47219602619448,-7.632030538903778,2.706267271132012,-6.097342783578126,0.11715795113864047,0.0,0.5357967405889247,266.8617219924927
21,5.91719616491658,-7.4651695705394525,3.12924244697765,-5.467606324071416,0.11316792008039622,0.0,0.5353681666381431,267.15614557266235
22,5.508907755790897,-7.331569313852284,3.3314031325457276,-5.100622506993535,0.1100456318553118,0.0,0.5364693830768795,267.5101726055145
23,5.0297641460509865,-7.192068762182436,3.5224232030337777,-4.734766553345639,0.10651210136947077,0.0,0.535972384958611,267.3692934513092
24,5.098533168364542,-7.045686829105189,3.2778292390625032,-4.796444774239163,0.1028587174814962,0.0,0.5365273524640184,267.52887082099915
25,4.801354004405933,-6.925741730688797,3.454724572344616,-4.4697294784792225,0.09987123102401813,0.0,0.5354894353271209,267.1156873703003
26,4.7377379182832176,-6.825429995050925,3.2953946382871697,-4.511069657591874,0.09810343122889209,0.0,0.536998144024011,267.0844256877899
27,4.571871901495439,-6.694588808283944,3.3394317712985666,-4.306067748539216,0.095091071884076,0.0,0.5365534360435876,267.91547989845276
28,4.714688761962093,-6.595568870925421,3.14996921999307,-4.371750896776568,0.09261512488842613,0.0,0.5352932494098367,267.19328927993774
29,5.168303540580865,-6.504859716943483,2.4453663882951333,-4.965273259379506,0.09057799327115419,0.0,0.5361889898211499,267.0066251754761
30,5.325762399458185,-6.402229814252118,2.234027126316551,-5.050985137506961,0.08827824484175437,0.0,0.5361610866631522,267.82139325141907
